timestamp,mode,action_type,symbol,action,price,volume_usd,leverage,margin_used,fee_usd,pnl_usd,roe_pct,confidence,balance_after
2026-08-13 19:50:37,PAPER,ACILIS,ETHUSDT,LIMIT_BUY,1885.995,684.71,20,32.95,0.0685,0.0,0.0,0.1172,99.93
2026-08-13 23:50:37,PAPER,KAPANIS,ETHUSDT,MARKET_SELL,1885.935,684.71,20,32.95,0.2739,-0.02,-0.07,1.0,99.64
2026-08-14 00:31:32,PAPER,ACILIS,SOLUSDT,LIMIT_BUY,76.035,682.02,19,34.37,0.0682,0.0,0.0,0.1113,99.57
2026-08-14 03:57:44,PAPER,KAPANIS,SOLUSDT,MARKET_SELL,75.745,682.02,19,34.37,0.2728,-2.6,-7.57,1.0,96.69
2026-08-14 06:48:32,PAPER,ACILIS,SOLUSDT,LIMIT_BUY,75.64500000000001,700.28,20,33.95,0.07,0.0,0.0,0.1201,96.62
2026-08-14 10:48:32,PAPER,KAPANIS,SOLUSDT,MARKET_SELL,75.405,700.28,20,33.95,0.2801,-2.22,-6.54,1.0,94.12
2026-08-14 16:06:31,PAPER,ACILIS,ETHUSDT,LIMIT_BUY,1882.5149999999999,704.89,21,33.05,0.0705,0.0,0.0,0.1055,94.05
2026-08-14 18:08:43,PAPER,KAPANIS,ETHUSDT,MARKET_SELL,1876.255,704.89,21,33.05,0.282,-2.34,-7.09,1.0,91.43
2026-08-14 21:27:55,PAPER,ACILIS,SOLUSDT,LIMIT_BUY,75.195,654.97,20,32.24,0.0655,0.0,0.0,0.1055,91.36
2026-08-15 01:27:55,PAPER,KAPANIS,SOLUSDT,MARKET_SELL,75.345,654.97,20,32.24,0.262,1.31,4.05,1.0,92.4
2026-08-15 02:10:42,PAPER,ACILIS,SOLUSDT,LIMIT_BUY,75.39500000000001,617.49,20,30.87,0.0617,0.0,0.0,0.1084,92.34
2026-08-15 06:10:42,PAPER,KAPANIS,SOLUSDT,MARKET_SELL,75.32499999999999,617.49,20,30.87,0.247,-0.57,-1.86,1.0,91.52
2026-08-15 07:24:31,PAPER,ACILIS,SOLUSDT,LIMIT_BUY,75.275,596.75,19,30.01,0.0597,0.0,0.0,0.1406,91.46
2026-08-15 11:24:32,PAPER,KAPANIS,SOLUSDT,MARKET_SELL,75.255,596.75,19,30.01,0.2387,-0.16,-0.53,1.0,91.07
2026-08-15 13:35:27,PAPER,ACILIS,SOLUSDT,LIMIT_BUY,75.495,657.41,20,32.12,0.0657,0.0,0.0,0.1084,91.0
2026-08-15 17:35:28,PAPER,KAPANIS,SOLUSDT,MARKET_SELL,75.525,657.41,20,32.12,0.263,0.26,0.81,1.0,91.0
2026-08-15 17:51:08,PAPER,ACILIS,SOLUSDT,LIMIT_BUY,75.58500000000001,629.72,19,31.67,0.063,0.0,0.0,0.123,90.93
2026-08-15 21:51:09,PAPER,KAPANIS,SOLUSDT,MARKET_SELL,75.67500000000001,629.72,19,31.67,0.2519,0.75,2.37,1.0,91.43
2026-08-15 22:06:31,PAPER,ACILIS,SOLUSDT,LIMIT_BUY,75.60499999999999,599.86,19,30.41,0.06,0.0,0.0,0.1348,91.37
2026-08-15 23:32:19,PAPER,KAPANIS,SOLUSDT,MARKET_SELL,75.33500000000001,599.86,19,30.41,0.2399,-2.14,-7.04,1.0,88.99
2026-08-16 02:12:34,PAPER,ACILIS,SOLUSDT,LIMIT_BUY,75.32499999999999,639.22,20,31.11,0.0639,0.0,0.0,0.1025,88.93
2026-08-16 02:57:27,PAPER,KAPANIS,SOLUSDT,MARKET_SELL,75.535,639.22,20,31.11,0.2557,1.78,5.73,1.0,90.45
2026-08-16 06:28:33,PAPER,ACILIS,SOLUSDT,LIMIT_BUY,75.295,557.33,19,28.82,0.0557,0.0,0.0,0.126,90.4
2026-08-16 10:28:33,PAPER,KAPANIS,SOLUSDT,MARKET_SELL,75.17500000000001,557.33,19,28.82,0.2229,-0.89,-3.08,1.0,89.29
2026-08-16 11:44:50,PAPER,ACILIS,SOLUSDT,LIMIT_BUY,75.215,623.59,20,30.94,0.0624,0.0,0.0,0.1318,89.22
2026-08-16 15:39:53,PAPER,KAPANIS,SOLUSDT,MARKET_SELL,75.505,623.59,20,30.94,0.2494,2.4,7.77,1.0,91.38
2026-08-16 15:55:13,PAPER,ACILIS,SOLUSDT,LIMIT_BUY,75.515,655.52,20,31.66,0.0656,0.0,0.0,0.1729,91.31
2026-08-16 18:11:03,PAPER,KAPANIS,SOLUSDT,MARKET_SELL,75.155,655.52,20,31.66,0.2622,-3.13,-9.87,1.0,87.93
2026-08-16 19:57:23,PAPER,ACILIS,SOLUSDT,LIMIT_BUY,75.185,603.51,20,30.06,0.0604,0.0,0.0,0.1436,87.87
2026-08-16 21:34:02,PAPER,KAPANIS,SOLUSDT,MARKET_SELL,74.91499999999999,603.51,20,30.06,0.2414,-2.17,-7.21,1.0,85.46
2026-08-17 00:16:21,PAPER,ACILIS,SOLUSDT,LIMIT_BUY,74.565,624.71,20,30.4,0.0625,0.0,0.0,0.1377,85.39
2026-08-17 01:04:10,PAPER,KAPANIS,SOLUSDT,MARKET_SELL,74.945,624.71,20,30.4,0.2499,3.18,10.47,1.0,88.33
2026-08-17 01:19:27,PAPER,ACILIS,SOLUSDT,LIMIT_BUY,75.035,644.95,20,31.15,0.0645,0.0,0.0,0.1787,88.26
2026-08-17 02:48:34,PAPER,KAPANIS,SOLUSDT,MARKET_SELL,75.315,644.95,20,31.15,0.258,2.41,7.73,1.0,90.41
2026-08-17 03:04:16,PAPER,ACILIS,SOLUSDT,LIMIT_BUY,75.455,625.67,19,31.47,0.0626,0.0,0.0,0.1348,90.35
2026-08-17 06:53:26,PAPER,KAPANIS,SOLUSDT,MARKET_SELL,75.85499999999999,625.67,19,31.47,0.2503,3.32,10.54,1.0,93.42
2026-08-17 07:08:45,PAPER,ACILIS,SOLUSDT,LIMIT_BUY,75.82499999999999,643.69,20,31.94,0.0644,0.0,0.0,0.1494,93.35
2026-08-17 08:08:24,PAPER,KAPANIS,SOLUSDT,MARKET_SELL,75.555,643.69,20,31.94,0.2575,-2.29,-7.18,1.0,90.8
2026-08-17 10:33:50,PAPER,ACILIS,SOLUSDT,LIMIT_BUY,75.505,602.8,19,30.2,0.0603,0.0,0.0,0.1172,90.74
2026-08-17 11:33:45,PAPER,KAPANIS,SOLUSDT,MARKET_SELL,75.805,602.8,19,30.2,0.2411,2.4,7.93,1.0,92.9
2026-08-17 12:13:42,PAPER,ACILIS,SOLUSDT,LIMIT_BUY,75.535,612.63,19,30.75,0.0613,0.0,0.0,0.1084,92.83
2026-08-17 14:56:58,PAPER,KAPANIS,SOLUSDT,MARKET_SELL,75.82499999999999,612.63,19,30.75,0.2451,2.35,7.65,1.0,94.94
2026-08-17 15:12:39,PAPER,ACILIS,SOLUSDT,LIMIT_BUY,75.82499999999999,634.9,19,31.87,0.0635,0.0,0.0,0.1025,94.88
2026-08-17 15:54:29,PAPER,KAPANIS,SOLUSDT,MARKET_SELL,76.11500000000001,634.9,19,31.87,0.254,2.43,7.62,1.0,97.05
2026-08-17 16:09:47,PAPER,ACILIS,SOLUSDT,LIMIT_BUY,76.065,709.85,20,34.68,0.071,0.0,0.0,0.1641,96.98
2026-08-17 17:16:30,PAPER,KAPANIS,SOLUSDT,MARKET_SELL,75.745,709.85,20,34.68,0.2839,-2.99,-8.61,1.0,93.71
2026-08-17 18:31:40,PAPER,ACILIS,SOLUSDT,LIMIT_BUY,76.005,657.25,20,31.75,0.0657,0.0,0.0,0.126,93.65
2026-08-17 19:57:50,PAPER,KAPANIS,SOLUSDT,MARKET_SELL,75.725,657.25,20,31.75,0.2629,-2.42,-7.63,1.0,90.96
2026-08-17 20:26:20,PAPER,ACILIS,SOLUSDT,LIMIT_BUY,75.705,638.93,20,31.1,0.0639,0.0,0.0,0.1318,90.9
2026-08-17 20:42:09,PAPER,KAPANIS,SOLUSDT,MARKET_SELL,75.965,638.93,20,31.1,0.2556,2.19,7.06,1.0,92.84
2026-08-17 21:08:12,PAPER,ACILIS,SOLUSDT,LIMIT_BUY,75.995,660.29,20,32.89,0.066,0.0,0.0,0.126,92.77
2026-08-17 22:52:46,PAPER,KAPANIS,SOLUSDT,MARKET_SELL,75.705,660.29,20,32.89,0.2641,-2.52,-7.66,1.0,89.99
2026-08-17 23:52:09,PAPER,ACILIS,ETHUSDT,LIMIT_BUY,1913.045,659.08,21,30.9,0.0659,0.0,0.0,0.1348,89.92
2026-08-18 01:07:36,PAPER,KAPANIS,ETHUSDT,MARKET_SELL,1906.6950000000002,659.08,21,30.9,0.2636,-2.19,-7.08,1.0,87.47
2026-08-18 04:56:29,PAPER,ACILIS,SOLUSDT,LIMIT_BUY,75.765,624.22,20,30.85,0.0624,0.0,0.0,0.1113,87.41
2026-08-18 07:57:02,PAPER,KAPANIS,SOLUSDT,MARKET_SELL,75.985,624.22,20,30.85,0.2497,1.81,5.88,1.0,88.97
2026-08-18 09:09:39,PAPER,ACILIS,SOLUSDT,LIMIT_BUY,76.055,580.98,19,29.45,0.0581,0.0,0.0,0.1055,88.91
2026-08-18 10:30:47,PAPER,KAPANIS,SOLUSDT,MARKET_SELL,75.785,580.98,19,29.45,0.2324,-2.06,-7.0,1.0,86.62
2026-08-18 10:46:04,PAPER,ACILIS,SOLUSDT,LIMIT_BUY,75.83500000000001,595.56,19,30.01,0.0596,0.0,0.0,0.1113,86.56
2026-08-18 11:22:37,PAPER,KAPANIS,SOLUSDT,MARKET_SELL,76.39500000000001,595.56,19,30.01,0.2382,4.4,14.65,1.0,90.72
2026-08-18 11:37:53,PAPER,ACILIS,SOLUSDT,LIMIT_BUY,76.305,665.3,20,32.14,0.0665,0.0,0.0,0.1523,90.65
2026-08-18 14:30:31,PAPER,KAPANIS,SOLUSDT,MARKET_SELL,77.125,665.3,20,32.14,0.2661,7.15,22.25,1.0,97.53
2026-08-18 14:46:51,PAPER,ACILIS,SOLUSDT,LIMIT_BUY,76.875,723.52,20,35.76,0.0724,0.0,0.0,0.1025,97.46
2026-08-18 16:01:11,PAPER,KAPANIS,SOLUSDT,MARKET_SELL,77.16499999999999,723.52,20,35.76,0.2894,2.73,7.63,1.0,99.9
2026-08-18 16:52:15,PAPER,ACILIS,ETHUSDT,LIMIT_BUY,1918.4850000000001,712.6,21,33.53,0.0713,0.0,0.0,0.1143,99.83
2026-08-18 17:57:11,PAPER,KAPANIS,ETHUSDT,MARKET_SELL,1912.105,712.6,21,33.53,0.285,-2.37,-7.07,1.0,97.18
2026-08-18 20:03:52,PAPER,ACILIS,SOLUSDT,LIMIT_BUY,77.08500000000001,678.97,20,32.92,0.0679,0.0,0.0,0.1055,97.11
2026-08-18 20:49:54,PAPER,KAPANIS,SOLUSDT,MARKET_SELL,76.795,678.97,20,32.92,0.2716,-2.55,-7.76,1.0,94.28
2026-08-18 21:15:37,PAPER,ACILIS,SOLUSDT,LIMIT_BUY,76.965,691.02,20,33.25,0.0691,0.0,0.0,0.1113,94.21
2026-08-19 01:15:38,PAPER,KAPANIS,SOLUSDT,MARKET_SELL,76.85499999999999,691.02,20,33.25,0.2764,-0.99,-2.97,1.0,92.95
2026-08-19 01:40:40,PAPER,ACILIS,SOLUSDT,LIMIT_BUY,76.735,632.49,19,32.06,0.0632,0.0,0.0,0.1143,92.89
2026-08-19 03:31:46,PAPER,KAPANIS,SOLUSDT,MARKET_SELL,76.995,632.49,19,32.06,0.253,2.14,6.68,1.0,94.78
2026-08-19 04:03:37,PAPER,ACILIS,ETHUSDT,LIMIT_BUY,1911.065,695.8,21,32.99,0.0696,0.0,0.0,0.1055,94.71
2026-08-19 07:24:18,PAPER,KAPANIS,ETHUSDT,MARKET_SELL,1917.4050000000002,695.8,21,32.99,0.2783,2.31,7.0,1.0,96.74
2026-08-19 07:42:42,PAPER,ACILIS,ETHUSDT,LIMIT_BUY,1920.275,692.94,20,33.22,0.0693,0.0,0.0,0.1113,96.67
2026-08-19 11:42:42,PAPER,KAPANIS,ETHUSDT,MARKET_SELL,1922.5349999999999,692.94,20,33.22,0.2772,0.82,2.45,1.0,97.2
2026-08-19 12:51:46,PAPER,ACILIS,ETHUSDT,LIMIT_BUY,1932.855,711.95,21,33.38,0.0712,0.0,0.0,0.1113,97.13
2026-08-19 13:32:37,PAPER,KAPANIS,ETHUSDT,MARKET_SELL,1939.495,711.95,21,33.38,0.2848,2.45,7.33,1.0,99.29
2026-08-19 13:48:42,PAPER,ACILIS,SOLUSDT,LIMIT_BUY,78.475,662.53,20,32.87,0.0663,0.0,0.0,0.1611,99.23
2026-08-19 14:52:53,PAPER,KAPANIS,SOLUSDT,MARKET_SELL,79.205,662.53,20,32.87,0.265,6.16,18.75,1.0,105.13
2026-08-19 15:08:20,PAPER,ACILIS,SOLUSDT,LIMIT_BUY,79.255,781.48,20,37.89,0.0781,0.0,0.0,0.1172,105.05
2026-08-19 15:16:44,PAPER,KAPANIS,SOLUSDT,MARKET_SELL,81.42500000000001,781.48,20,37.89,0.3126,21.4,56.47,1.0,126.13
2026-08-19 15:32:19,PAPER,ACILIS,SOLUSDT,LIMIT_BUY,81.41499999999999,856.7,20,42.34,0.0857,0.0,0.0,0.1143,126.05
2026-08-19 15:46:02,PAPER,KAPANIS,SOLUSDT,MARKET_SELL,81.985,856.7,20,42.34,0.3427,6.0,14.17,1.0,131.7
2026-08-19 16:04:52,PAPER,ACILIS,SOLUSDT,LIMIT_BUY,81.935,911.61,20,45.23,0.0912,0.0,0.0,0.1143,131.61
2026-08-19 17:09:39,PAPER,KAPANIS,SOLUSDT,MARKET_SELL,81.42500000000001,911.61,20,45.23,0.3646,-5.67,-12.55,1.0,125.57
2026-08-19 19:26:04,PAPER,ACILIS,SOLUSDT,LIMIT_BUY,82.255,892.76,20,43.12,0.0893,0.0,0.0,0.1201,125.48
2026-08-19 20:34:55,PAPER,KAPANIS,SOLUSDT,MARKET_SELL,82.525,892.76,20,43.12,0.3571,2.93,6.8,1.0,128.06
2026-08-19 20:53:57,PAPER,ACILIS,SOLUSDT,LIMIT_BUY,82.66499999999999,955.02,20,45.96,0.0955,0.0,0.0,0.126,127.96
2026-08-19 20:58:36,PAPER,KAPANIS,SOLUSDT,MARKET_SELL,83.805,955.02,20,45.96,0.382,13.17,28.66,1.0,140.75
2026-08-19 21:14:02,PAPER,ACILIS,SOLUSDT,LIMIT_BUY,83.805,1016.55,20,48.55,0.1017,0.0,0.0,0.1201,140.65
2026-08-19 21:24:36,PAPER,KAPANIS,SOLUSDT,MARKET_SELL,86.38499999999999,1016.55,20,48.55,0.4066,31.3,64.46,1.0,171.54
2026-08-19 21:40:26,PAPER,ACILIS,SOLUSDT,LIMIT_BUY,86.63499999999999,1124.13,20,55.99,0.1124,0.0,0.0,0.126,171.42
2026-08-19 22:07:36,PAPER,KAPANIS,SOLUSDT,MARKET_SELL,86.125,1124.13,20,55.99,0.4497,-6.62,-11.82,1.0,164.36
2026-08-19 22:44:12,PAPER,ACILIS,ETHUSDT,LIMIT_BUY,2263.6549999999997,1106.04,20,54.66,0.1106,0.0,0.0,0.1611,164.25
2026-08-19 22:58:50,PAPER,KAPANIS,ETHUSDT,MARKET_SELL,2249.4849999999997,1106.04,20,54.66,0.4424,-6.92,-12.67,1.0,156.88
2026-08-19 23:15:39,PAPER,ACILIS,ETHUSDT,LIMIT_BUY,2248.9849999999997,1046.07,20,50.72,0.1046,0.0,0.0,0.1143,156.77
2026-08-20 00:11:25,PAPER,KAPANIS,ETHUSDT,MARKET_SELL,2257.045,1046.07,20,50.72,0.4184,3.75,7.39,1.0,160.11
2026-08-20 05:41:21,PAPER,ACILIS,SOLUSDT,LIMIT_BUY,84.935,1174.17,20,56.71,0.1174,0.0,0.0,0.123,159.99
2026-08-20 06:36:20,PAPER,KAPANIS,SOLUSDT,MARKET_SELL,85.475,1174.17,20,56.71,0.4697,7.47,13.16,1.0,166.98
2026-08-20 06:51:36,PAPER,ACILIS,SOLUSDT,LIMIT_BUY,85.83500000000001,1164.0,20,57.08,0.1164,0.0,0.0,0.1055,166.87
2026-08-20 08:15:17,PAPER,KAPANIS,SOLUSDT,MARKET_SELL,87.35499999999999,1164.0,20,57.08,0.4656,20.61,36.11,1.0,187.01
2026-08-20 08:30:36,PAPER,ACILIS,SOLUSDT,LIMIT_BUY,87.195,1370.68,20,65.96,0.1371,0.0,0.0,0.1172,186.88
2026-08-20 08:33:27,PAPER,KAPANIS,SOLUSDT,MARKET_SELL,87.57499999999999,1370.68,20,65.96,0.5483,5.97,9.06,1.0,192.3
2026-08-20 08:48:50,PAPER,ACILIS,SOLUSDT,LIMIT_BUY,87.795,1406.51,20,68.71,0.1407,0.0,0.0,0.1084,192.16
2026-08-20 09:07:35,PAPER,KAPANIS,SOLUSDT,MARKET_SELL,87.455,1406.51,20,68.71,0.5626,-5.45,-7.93,1.0,186.15
2026-08-20 09:22:55,PAPER,ACILIS,SOLUSDT,LIMIT_BUY,87.785,1365.19,20,65.94,0.1365,0.0,0.0,0.1172,186.02
2026-08-20 09:34:36,PAPER,KAPANIS,SOLUSDT,MARKET_SELL,87.435,1365.19,20,65.94,0.5461,-5.44,-8.25,1.0,180.03
2026-08-20 10:04:37,PAPER,ACILIS,SOLUSDT,LIMIT_BUY,87.465,1133.97,19,56.81,0.1134,0.0,0.0,0.1201,179.91
2026-08-20 10:49:07,PAPER,KAPANIS,SOLUSDT,MARKET_SELL,87.155,1133.97,19,56.81,0.4536,-4.02,-7.07,1.0,175.44
2026-08-20 11:51:22,PAPER,ACILIS,ETHUSDT,LIMIT_BUY,2310.775,1307.1,21,61.06,0.1307,0.0,0.0,0.1553,175.31
2026-08-20 12:03:40,PAPER,KAPANIS,ETHUSDT,MARKET_SELL,2295.005,1307.1,21,61.06,0.5228,-8.92,-14.61,1.0,165.87
2026-08-20 17:23:42,PAPER,ACILIS,ETHUSDT,LIMIT_BUY,2337.165,1190.67,21,56.45,0.1191,0.0,0.0,0.1348,165.75
2026-08-20 17:31:38,PAPER,KAPANIS,ETHUSDT,MARKET_SELL,2345.545,1190.67,21,56.45,0.4763,4.27,7.56,1.0,169.54
2026-08-20 23:52:01,PAPER,ACILIS,ETHUSDT,LIMIT_BUY,2326.085,1247.34,21,58.48,0.1247,0.0,0.0,0.1289,169.42
2026-08-20 23:59:56,PAPER,KAPANIS,ETHUSDT,MARKET_SELL,2323.335,1247.34,20,60.94,0.4989,-1.47,-2.52,0.3047,167.44
2026-08-21 00:15:49,PAPER,ACILIS,SOLUSDT,LIMIT_BUY,87.845,1208.78,20,59.05,0.1209,0.0,0.0,0.1318,167.32
2026-08-21 00:30:54,PAPER,KAPANIS,SOLUSDT,MARKET_SELL,88.42500000000001,1208.78,20,59.05,0.4835,7.98,13.51,1.0,174.82
2026-08-21 00:53:26,PAPER,ACILIS,ETHUSDT,LIMIT_BUY,2344.755,1313.03,21,61.12,0.1313,0.0,0.0,0.1436,174.69
2026-08-21 01:09:01,PAPER,KAPANIS,ETHUSDT,MARKET_SELL,2337.105,1313.03,21,61.12,0.5252,-4.28,-7.01,1.0,169.88
2026-08-21 01:27:11,PAPER,ACILIS,SOLUSDT,LIMIT_BUY,88.475,1302.61,21,61.75,0.1303,0.0,0.0,0.1055,169.75
2026-08-21 01:49:11,PAPER,KAPANIS,SOLUSDT,MARKET_SELL,89.285,1302.61,21,61.75,0.521,11.93,19.31,1.0,181.15
2026-08-21 02:08:03,PAPER,ACILIS,SOLUSDT,LIMIT_BUY,88.965,1250.39,20,61.09,0.125,0.0,0.0,0.1523,181.03
2026-08-21 02:30:33,PAPER,KAPANIS,SOLUSDT,MARKET_SELL,89.41499999999999,1250.39,20,61.09,0.5002,6.32,10.35,1.0,186.85
2026-08-21 02:45:53,PAPER,ACILIS,SOLUSDT,LIMIT_BUY,89.82499999999999,1389.0,20,67.35,0.1389,0.0,0.0,0.1377,186.71
2026-08-21 02:51:08,PAPER,KAPANIS,SOLUSDT,MARKET_SELL,89.405,1389.0,20,67.35,0.5556,-6.49,-9.64,1.0,179.66
2026-08-21 03:06:42,PAPER,ACILIS,SOLUSDT,LIMIT_BUY,89.015,1285.79,19,65.31,0.1286,0.0,0.0,0.1025,179.53
2026-08-21 03:20:22,PAPER,KAPANIS,SOLUSDT,MARKET_SELL,88.845,1285.79,19,66.36,0.5143,-2.46,-3.76,0.3125,176.56
2026-08-21 06:23:54,PAPER,ACILIS,SOLUSDT,LIMIT_BUY,90.695,1273.09,20,61.73,0.1273,0.0,0.0,0.1436,176.44
2026-08-21 06:26:48,PAPER,KAPANIS,SOLUSDT,MARKET_SELL,90.275,1273.09,20,61.73,0.5092,-5.9,-9.55,1.0,170.03
2026-08-21 06:42:07,PAPER,ACILIS,SOLUSDT,LIMIT_BUY,90.305,1249.01,20,61.02,0.1249,0.0,0.0,0.1289,169.91
2026-08-21 06:49:34,PAPER,KAPANIS,SOLUSDT,MARKET_SELL,90.35499999999999,1249.01,19,63.95,0.4996,0.69,1.13,0.3047,170.1
2026-08-21 07:05:08,PAPER,ACILIS,SOLUSDT,LIMIT_BUY,90.17500000000001,1201.81,20,58.94,0.1202,0.0,0.0,0.1289,169.98
2026-08-21 07:06:49,PAPER,KAPANIS,SOLUSDT,MARKET_SELL,90.535,1201.81,20,58.94,0.4807,4.8,8.14,1.0,174.3
2026-08-21 07:22:56,PAPER,ACILIS,ETHUSDT,LIMIT_BUY,2388.295,1289.09,21,60.66,0.1289,0.0,0.0,0.126,174.17
2026-08-21 07:35:39,PAPER,KAPANIS,ETHUSDT,MARKET_SELL,2376.475,1289.09,21,60.66,0.5156,-6.38,-10.52,1.0,167.27
2026-08-21 08:04:54,PAPER,ACILIS,SOLUSDT,LIMIT_BUY,90.435,1143.04,20,55.63,0.1143,0.0,0.0,0.1348,167.16
2026-08-21 08:12:51,PAPER,KAPANIS,SOLUSDT,MARKET_SELL,90.86500000000001,1143.04,20,55.63,0.4572,5.43,9.77,1.0,172.14
2026-08-21 08:28:13,PAPER,ACILIS,SOLUSDT,LIMIT_BUY,90.875,1283.03,20,61.51,0.1283,0.0,0.0,0.1084,172.01
2026-08-21 08:32:42,PAPER,KAPANIS,SOLUSDT,MARKET_SELL,91.505,1283.03,20,61.51,0.5132,8.89,14.46,1.0,180.39
2026-08-21 09:01:56,PAPER,ACILIS,SOLUSDT,LIMIT_BUY,91.595,1340.95,20,65.02,0.1341,0.0,0.0,0.1143,180.25
2026-08-21 09:16:27,PAPER,KAPANIS,SOLUSDT,MARKET_SELL,91.205,1340.95,20,65.02,0.5364,-5.71,-8.78,1.0,174.01
2026-08-21 09:33:41,PAPER,ACILIS,SOLUSDT,LIMIT_BUY,91.245,1171.89,20,58.14,0.1172,0.0,0.0,0.126,173.89
2026-08-21 09:41:15,PAPER,KAPANIS,SOLUSDT,MARKET_SELL,91.60499999999999,1171.89,20,58.14,0.4688,4.62,7.95,1.0,178.05
2026-08-21 10:18:09,PAPER,ACILIS,ETHUSDT,LIMIT_BUY,2402.315,1253.44,20,60.32,0.1253,0.0,0.0,0.126,177.92
2026-08-21 10:29:21,PAPER,KAPANIS,ETHUSDT,MARKET_SELL,2394.1949999999997,1253.44,20,60.32,0.5014,-4.24,-7.02,1.0,173.18
2026-08-21 14:15:55,PAPER,ACILIS,SOLUSDT,LIMIT_BUY,90.91499999999999,1115.41,19,55.99,0.1115,0.0,0.0,0.1318,173.07
2026-08-21 14:34:55,PAPER,KAPANIS,SOLUSDT,MARKET_SELL,91.36500000000001,1115.41,19,55.99,0.4462,5.52,9.86,1.0,178.15
2026-08-21 15:07:54,PAPER,ACILIS,ETHUSDT,LIMIT_BUY,2392.455,1156.31,20,56.49,0.1156,0.0,0.0,0.1055,178.03
2026-08-21 15:14:22,PAPER,KAPANIS,ETHUSDT,MARKET_SELL,2400.9849999999997,1156.31,19,58.04,0.4625,4.12,7.3,0.3594,181.69
2026-08-21 15:43:59,PAPER,ACILIS,ETHUSDT,LIMIT_BUY,2401.995,1310.19,21,62.11,0.131,0.0,0.0,0.1113,181.56
2026-08-21 16:09:30,PAPER,KAPANIS,ETHUSDT,MARKET_SELL,2389.535,1310.19,21,62.11,0.5241,-6.8,-10.94,1.0,174.24
